{"stats":{"minecraft:killed":{"minecraft:chicken":2},"minecraft:picked_up":{"minecraft:tropical_fish":1,"minecraft:salmon":2,"minecraft:cod":10,"minecraft:pufferfish":5,"minecraft:lily_pad":4},"minecraft:dropped":{"minecraft:lily_pad":2},"minecraft:used":{"minecraft:stone_brick_wall":28,"minecraft:light_gray_glazed_terracotta":3,"minecraft:observer":8,"minecraft:birch_slab":55,"minecraft:magenta_glazed_terracotta":330,"minecraft:birch_sign":18,"minecraft:light_blue_dye":1,"minecraft:red_concrete":488,"minecraft:birch_stairs":28,"minecraft:blue_dye":1,"minecraft:gray_glazed_terracotta":1,"minecraft:structure_block":19,"minecraft:black_concrete":315,"minecraft:birch_planks":240,"minecraft:slime_block":1073,"minecraft:sticky_piston":317,"minecraft:yellow_dye":2,"minecraft:orange_dye":4,"minecraft:glass_pane":4,"minecraft:command_block":64,"minecraft:fishing_rod":31,"minecraft:lever":1,"minecraft:white_concrete":2019,"minecraft:redstone_block":6,"minecraft:lodestone":527,"minecraft:chicken_spawn_egg":2,"minecraft:birch_fence":15,"minecraft:stone_button":28,"minecraft:oak_slab":2,"minecraft:bamboo_fence":12,"minecraft:light":4,"minecraft:debug_stick":501,"minecraft:blue_concrete":436,"minecraft:glow_ink_sac":12,"minecraft:nether_brick_fence":5,"minecraft:iron_trapdoor":42,"minecraft:red_dye":4,"minecraft:lime_dye":1,"minecraft:bedrock":341,"minecraft:red_glazed_terracotta":10,"minecraft:armor_stand":1},"minecraft:custom":{"minecraft:time_since_rest":1923979,"minecraft:walk_one_cm":526054,"minecraft:leave_game":16,"minecraft:walk_under_water_one_cm":31836,"minecraft:mob_kills":2,"minecraft:play_time":1923979,"minecraft:damage_dealt":80,"minecraft:jump":2869,"minecraft:time_since_death":1923979,"minecraft:drop":1,"minecraft:sprint_one_cm":716527,"minecraft:total_world_time":1983160,"minecraft:swim_one_cm":7767,"minecraft:fly_one_cm":3791473,"minecraft:walk_on_water_one_cm":8273,"minecraft:crouch_one_cm":32505,"minecraft:sneak_time":28934,"minecraft:fish_caught":18}},"DataVersion":4440}