{"stats":{"minecraft:used":{"minecraft:stone_brick_wall":19,"minecraft:light_gray_glazed_terracotta":3,"minecraft:observer":8,"minecraft:birch_slab":14,"minecraft:magenta_glazed_terracotta":155,"minecraft:birch_sign":4,"minecraft:red_concrete":294,"minecraft:birch_stairs":11,"minecraft:gray_glazed_terracotta":1,"minecraft:structure_block":17,"minecraft:black_concrete":231,"minecraft:birch_planks":86,"minecraft:slime_block":320,"minecraft:sticky_piston":198,"minecraft:orange_dye":2,"minecraft:command_block":24,"minecraft:fishing_rod":30,"minecraft:white_concrete":250,"minecraft:redstone_block":6,"minecraft:lodestone":464,"minecraft:chicken_spawn_egg":2,"minecraft:birch_fence":4,"minecraft:stone_button":16,"minecraft:oak_slab":2,"minecraft:bamboo_fence":12,"minecraft:debug_stick":150,"minecraft:blue_concrete":68,"minecraft:glow_ink_sac":3,"minecraft:nether_brick_fence":2,"minecraft:iron_trapdoor":42,"minecraft:red_dye":1,"minecraft:bedrock":279,"minecraft:red_glazed_terracotta":10,"minecraft:armor_stand":1},"minecraft:killed":{"minecraft:chicken":2},"minecraft:custom":{"minecraft:time_since_rest":1151600,"minecraft:walk_one_cm":355922,"minecraft:leave_game":9,"minecraft:walk_under_water_one_cm":30534,"minecraft:mob_kills":2,"minecraft:play_time":1151600,"minecraft:damage_dealt":80,"minecraft:jump":1941,"minecraft:time_since_death":1151600,"minecraft:sprint_one_cm":469795,"minecraft:total_world_time":1194659,"minecraft:swim_one_cm":7767,"minecraft:fly_one_cm":1874920,"minecraft:walk_on_water_one_cm":8173,"minecraft:crouch_one_cm":24015,"minecraft:sneak_time":18244,"minecraft:fish_caught":17},"minecraft:picked_up":{"minecraft:tropical_fish":1,"minecraft:salmon":1,"minecraft:cod":10,"minecraft:pufferfish":5,"minecraft:lily_pad":2}},"DataVersion":4440}