{
  "minecraft:recipes/decorations/crafting_table": {
    "criteria": {
      "unlock_right_away": "2025-11-18 17:26:36 +0800"
    },
    "done": true
  },
  "minecraft:adventure/adventuring_time": {
    "criteria": {
      "minecraft:plains": "2025-11-18 17:26:36 +0800"
    },
    "done": false
  },
  "minecraft:recipes/decorations/chest": {
    "criteria": {
      "has_lots_of_items": "2025-11-18 17:32:34 +0800"
    },
    "done": true
  },
  "minecraft:husbandry/fishy_business": {
    "criteria": {
      "pufferfish": "2025-11-18 17:38:30 +0800"
    },
    "done": true
  },
  "minecraft:recipes/transportation/mangrove_boat": {
    "criteria": {
      "in_water": "2025-11-18 18:58:08 +0800"
    },
    "done": true
  },
  "minecraft:recipes/transportation/acacia_boat": {
    "criteria": {
      "in_water": "2025-11-18 18:58:08 +0800"
    },
    "done": true
  },
  "minecraft:recipes/transportation/cherry_boat": {
    "criteria": {
      "in_water": "2025-11-18 18:58:08 +0800"
    },
    "done": true
  },
  "minecraft:recipes/transportation/pale_oak_boat": {
    "criteria": {
      "in_water": "2025-11-18 18:58:08 +0800"
    },
    "done": true
  },
  "minecraft:recipes/transportation/bamboo_raft": {
    "criteria": {
      "in_water": "2025-11-18 18:58:08 +0800"
    },
    "done": true
  },
  "minecraft:recipes/transportation/spruce_boat": {
    "criteria": {
      "in_water": "2025-11-18 18:58:08 +0800"
    },
    "done": true
  },
  "minecraft:recipes/transportation/birch_boat": {
    "criteria": {
      "in_water": "2025-11-18 18:58:08 +0800"
    },
    "done": true
  },
  "minecraft:recipes/transportation/oak_boat": {
    "criteria": {
      "in_water": "2025-11-18 18:58:08 +0800"
    },
    "done": true
  },
  "minecraft:recipes/transportation/jungle_boat": {
    "criteria": {
      "in_water": "2025-11-18 18:58:08 +0800"
    },
    "done": true
  },
  "minecraft:recipes/transportation/dark_oak_boat": {
    "criteria": {
      "in_water": "2025-11-18 18:58:08 +0800"
    },
    "done": true
  },
  "minecraft:recipes/decorations/lodestone": {
    "criteria": {
      "has_lodestone": "2025-11-18 18:58:15 +0800"
    },
    "done": true
  },
  "minecraft:recipes/food/cooked_salmon_from_smoking": {
    "criteria": {
      "has_salmon": "2025-11-19 11:30:46 +0800"
    },
    "done": true
  },
  "minecraft:recipes/redstone/birch_button": {
    "criteria": {
      "has_planks": "2025-11-19 11:30:46 +0800"
    },
    "done": true
  },
  "minecraft:recipes/food/cooked_cod_from_smoking": {
    "criteria": {
      "has_cod": "2025-11-19 11:30:46 +0800"
    },
    "done": true
  },
  "minecraft:recipes/food/cooked_salmon_from_campfire_cooking": {
    "criteria": {
      "has_salmon": "2025-11-19 11:30:46 +0800"
    },
    "done": true
  },
  "minecraft:recipes/redstone/birch_door": {
    "criteria": {
      "has_planks": "2025-11-19 11:30:46 +0800"
    },
    "done": true
  },
  "minecraft:recipes/decorations/birch_fence": {
    "criteria": {
      "has_planks": "2025-11-19 11:30:46 +0800"
    },
    "done": true
  },
  "minecraft:recipes/food/cooked_salmon": {
    "criteria": {
      "has_salmon": "2025-11-19 11:30:46 +0800"
    },
    "done": true
  },
  "minecraft:recipes/decorations/composter": {
    "criteria": {
      "has_wood_slab": "2025-11-19 11:30:46 +0800"
    },
    "done": true
  },
  "minecraft:recipes/redstone/birch_trapdoor": {
    "criteria": {
      "has_planks": "2025-11-19 11:30:46 +0800"
    },
    "done": true
  },
  "minecraft:recipes/misc/stick": {
    "criteria": {
      "has_planks": "2025-11-19 11:30:46 +0800"
    },
    "done": true
  },
  "minecraft:recipes/decorations/birch_sign": {
    "criteria": {
      "has_planks": "2025-11-19 11:30:46 +0800"
    },
    "done": true
  },
  "minecraft:recipes/food/cooked_cod_from_campfire_cooking": {
    "criteria": {
      "has_cod": "2025-11-19 11:30:46 +0800"
    },
    "done": true
  },
  "minecraft:recipes/redstone/birch_fence_gate": {
    "criteria": {
      "has_planks": "2025-11-19 11:30:46 +0800"
    },
    "done": true
  },
  "minecraft:recipes/decorations/barrel": {
    "criteria": {
      "has_wood_slab": "2025-11-19 11:30:46 +0800"
    },
    "done": true
  },
  "minecraft:recipes/redstone/birch_pressure_plate": {
    "criteria": {
      "has_planks": "2025-11-19 11:30:46 +0800"
    },
    "done": true
  },
  "minecraft:recipes/food/cooked_cod": {
    "criteria": {
      "has_cod": "2025-11-19 11:30:46 +0800"
    },
    "done": true
  },
  "minecraft:recipes/building_blocks/birch_slab": {
    "criteria": {
      "has_planks": "2025-11-19 11:30:46 +0800"
    },
    "done": true
  },
  "minecraft:recipes/misc/slime_ball": {
    "criteria": {
      "has_slime_block": "2025-11-19 11:30:46 +0800"
    },
    "done": true
  },
  "minecraft:recipes/building_blocks/birch_stairs": {
    "criteria": {
      "has_planks": "2025-11-19 11:30:46 +0800"
    },
    "done": true
  },
  "minecraft:recipes/tools/orange_bundle": {
    "criteria": {
      "has_orange_dye": "2025-11-19 19:28:53 +0800"
    },
    "done": true
  },
  "minecraft:recipes/decorations/orange_candle": {
    "criteria": {
      "has_orange_dye": "2025-11-19 19:28:53 +0800"
    },
    "done": true
  },
  "minecraft:recipes/decorations/dye_orange_carpet": {
    "criteria": {
      "has_needed_dye": "2025-11-19 19:28:53 +0800"
    },
    "done": true
  },
  "minecraft:recipes/building_blocks/dye_orange_wool": {
    "criteria": {
      "has_needed_dye": "2025-11-19 19:28:53 +0800"
    },
    "done": true
  },
  "minecraft:recipes/decorations/dye_orange_bed": {
    "criteria": {
      "has_needed_dye": "2025-11-19 19:28:53 +0800"
    },
    "done": true
  },
  "minecraft:recipes/combat/dye_orange_harness": {
    "criteria": {
      "has_needed_dye": "2025-11-19 19:28:53 +0800"
    },
    "done": true
  },
  "minecraft:recipes/decorations/orange_stained_glass_pane_from_glass_pane": {
    "criteria": {
      "has_orange_dye": "2025-11-19 19:28:53 +0800"
    },
    "done": true
  },
  "minecraft:recipes/decorations/glow_item_frame": {
    "criteria": {
      "has_glow_ink_sac": "2025-11-19 19:28:58 +0800"
    },
    "done": true
  },
  "minecraft:husbandry/make_a_sign_glow": {
    "criteria": {
      "make_a_sign_glow": "2025-11-19 19:29:01 +0800"
    },
    "done": true
  },
  "minecraft:recipes/building_blocks/dye_red_wool": {
    "criteria": {
      "has_needed_dye": "2025-11-19 19:52:40 +0800"
    },
    "done": true
  },
  "minecraft:recipes/misc/purple_dye": {
    "criteria": {
      "has_red_dye": "2025-11-19 19:52:40 +0800"
    },
    "done": true
  },
  "minecraft:recipes/misc/orange_dye_from_red_yellow": {
    "criteria": {
      "has_red_dye": "2025-11-19 19:52:40 +0800"
    },
    "done": true
  },
  "minecraft:recipes/decorations/dye_red_bed": {
    "criteria": {
      "has_needed_dye": "2025-11-19 19:52:40 +0800"
    },
    "done": true
  },
  "minecraft:recipes/decorations/red_candle": {
    "criteria": {
      "has_red_dye": "2025-11-19 19:52:40 +0800"
    },
    "done": true
  },
  "minecraft:recipes/misc/magenta_dye_from_blue_red_pink": {
    "criteria": {
      "has_red_dye": "2025-11-19 19:52:40 +0800"
    },
    "done": true
  },
  "minecraft:recipes/tools/red_bundle": {
    "criteria": {
      "has_red_dye": "2025-11-19 19:52:40 +0800"
    },
    "done": true
  },
  "minecraft:recipes/decorations/dye_red_carpet": {
    "criteria": {
      "has_needed_dye": "2025-11-19 19:52:40 +0800"
    },
    "done": true
  },
  "minecraft:recipes/decorations/red_stained_glass_pane_from_glass_pane": {
    "criteria": {
      "has_red_dye": "2025-11-19 19:52:40 +0800"
    },
    "done": true
  },
  "minecraft:recipes/misc/pink_dye_from_red_white_dye": {
    "criteria": {
      "has_red_dye": "2025-11-19 19:52:40 +0800"
    },
    "done": true
  },
  "minecraft:recipes/combat/dye_red_harness": {
    "criteria": {
      "has_needed_dye": "2025-11-19 19:52:40 +0800"
    },
    "done": true
  },
  "minecraft:recipes/misc/magenta_dye_from_blue_red_white_dye": {
    "criteria": {
      "has_rose_red": "2025-11-19 19:52:40 +0800"
    },
    "done": true
  },
  "minecraft:recipes/redstone/redstone": {
    "criteria": {
      "has_redstone_block": "2025-11-19 20:30:15 +0800"
    },
    "done": true
  },
  "minecraft:recipes/decorations/lime_stained_glass_pane_from_glass_pane": {
    "criteria": {
      "has_glass_pane": "2025-11-20 21:41:27 +0800"
    },
    "done": true
  },
  "minecraft:recipes/decorations/purple_stained_glass_pane_from_glass_pane": {
    "criteria": {
      "has_glass_pane": "2025-11-20 21:41:27 +0800"
    },
    "done": true
  },
  "minecraft:recipes/decorations/blue_stained_glass_pane_from_glass_pane": {
    "criteria": {
      "has_glass_pane": "2025-11-20 21:41:27 +0800"
    },
    "done": true
  },
  "minecraft:recipes/decorations/black_stained_glass_pane_from_glass_pane": {
    "criteria": {
      "has_glass_pane": "2025-11-20 21:41:27 +0800"
    },
    "done": true
  },
  "minecraft:recipes/decorations/light_gray_stained_glass_pane_from_glass_pane": {
    "criteria": {
      "has_glass_pane": "2025-11-20 21:41:27 +0800"
    },
    "done": true
  },
  "minecraft:recipes/decorations/yellow_stained_glass_pane_from_glass_pane": {
    "criteria": {
      "has_glass_pane": "2025-11-20 21:41:27 +0800"
    },
    "done": true
  },
  "minecraft:recipes/decorations/brown_stained_glass_pane_from_glass_pane": {
    "criteria": {
      "has_glass_pane": "2025-11-20 21:41:27 +0800"
    },
    "done": true
  },
  "minecraft:recipes/decorations/magenta_stained_glass_pane_from_glass_pane": {
    "criteria": {
      "has_glass_pane": "2025-11-20 21:41:27 +0800"
    },
    "done": true
  },
  "minecraft:recipes/decorations/cyan_stained_glass_pane_from_glass_pane": {
    "criteria": {
      "has_glass_pane": "2025-11-20 21:41:27 +0800"
    },
    "done": true
  },
  "minecraft:recipes/decorations/light_blue_stained_glass_pane_from_glass_pane": {
    "criteria": {
      "has_glass_pane": "2025-11-20 21:41:27 +0800"
    },
    "done": true
  },
  "minecraft:recipes/decorations/green_stained_glass_pane_from_glass_pane": {
    "criteria": {
      "has_glass_pane": "2025-11-20 21:41:27 +0800"
    },
    "done": true
  },
  "minecraft:recipes/decorations/pink_stained_glass_pane_from_glass_pane": {
    "criteria": {
      "has_glass_pane": "2025-11-20 21:41:27 +0800"
    },
    "done": true
  },
  "minecraft:recipes/decorations/white_stained_glass_pane_from_glass_pane": {
    "criteria": {
      "has_glass_pane": "2025-11-20 21:41:27 +0800"
    },
    "done": true
  },
  "minecraft:recipes/decorations/gray_stained_glass_pane_from_glass_pane": {
    "criteria": {
      "has_glass_pane": "2025-11-20 21:41:27 +0800"
    },
    "done": true
  },
  "minecraft:recipes/decorations/dye_yellow_bed": {
    "criteria": {
      "has_needed_dye": "2025-11-21 17:12:19 +0800"
    },
    "done": true
  },
  "minecraft:recipes/decorations/dye_yellow_carpet": {
    "criteria": {
      "has_needed_dye": "2025-11-21 17:12:19 +0800"
    },
    "done": true
  },
  "minecraft:recipes/decorations/yellow_candle": {
    "criteria": {
      "has_yellow_dye": "2025-11-21 17:12:19 +0800"
    },
    "done": true
  },
  "minecraft:recipes/building_blocks/dye_yellow_wool": {
    "criteria": {
      "has_needed_dye": "2025-11-21 17:12:19 +0800"
    },
    "done": true
  },
  "minecraft:recipes/tools/yellow_bundle": {
    "criteria": {
      "has_yellow_dye": "2025-11-21 17:12:19 +0800"
    },
    "done": true
  },
  "minecraft:recipes/combat/dye_yellow_harness": {
    "criteria": {
      "has_needed_dye": "2025-11-21 17:12:19 +0800"
    },
    "done": true
  },
  "minecraft:recipes/building_blocks/dye_lime_wool": {
    "criteria": {
      "has_needed_dye": "2025-11-21 19:15:03 +0800"
    },
    "done": true
  },
  "minecraft:recipes/tools/lime_bundle": {
    "criteria": {
      "has_lime_dye": "2025-11-21 19:15:03 +0800"
    },
    "done": true
  },
  "minecraft:recipes/decorations/lime_candle": {
    "criteria": {
      "has_lime_dye": "2025-11-21 19:15:03 +0800"
    },
    "done": true
  },
  "minecraft:recipes/decorations/dye_lime_bed": {
    "criteria": {
      "has_needed_dye": "2025-11-21 19:15:03 +0800"
    },
    "done": true
  },
  "minecraft:recipes/decorations/dye_lime_carpet": {
    "criteria": {
      "has_needed_dye": "2025-11-21 19:15:03 +0800"
    },
    "done": true
  },
  "minecraft:recipes/combat/dye_lime_harness": {
    "criteria": {
      "has_needed_dye": "2025-11-21 19:15:03 +0800"
    },
    "done": true
  },
  "minecraft:recipes/decorations/dye_light_blue_bed": {
    "criteria": {
      "has_needed_dye": "2025-11-21 19:15:04 +0800"
    },
    "done": true
  },
  "minecraft:recipes/building_blocks/dye_light_blue_wool": {
    "criteria": {
      "has_needed_dye": "2025-11-21 19:15:04 +0800"
    },
    "done": true
  },
  "minecraft:recipes/decorations/dye_light_blue_carpet": {
    "criteria": {
      "has_needed_dye": "2025-11-21 19:15:04 +0800"
    },
    "done": true
  },
  "minecraft:recipes/combat/dye_light_blue_harness": {
    "criteria": {
      "has_needed_dye": "2025-11-21 19:15:04 +0800"
    },
    "done": true
  },
  "minecraft:recipes/decorations/light_blue_candle": {
    "criteria": {
      "has_light_blue_dye": "2025-11-21 19:15:04 +0800"
    },
    "done": true
  },
  "minecraft:recipes/tools/light_blue_bundle": {
    "criteria": {
      "has_light_blue_dye": "2025-11-21 19:15:04 +0800"
    },
    "done": true
  },
  "minecraft:recipes/decorations/dye_blue_carpet": {
    "criteria": {
      "has_needed_dye": "2025-11-21 20:22:43 +0800"
    },
    "done": true
  },
  "minecraft:recipes/building_blocks/dye_blue_wool": {
    "criteria": {
      "has_needed_dye": "2025-11-21 20:22:43 +0800"
    },
    "done": true
  },
  "minecraft:recipes/misc/light_blue_dye_from_blue_white_dye": {
    "criteria": {
      "has_blue_dye": "2025-11-21 20:22:43 +0800"
    },
    "done": true
  },
  "minecraft:recipes/misc/cyan_dye": {
    "criteria": {
      "has_blue_dye": "2025-11-21 20:22:43 +0800"
    },
    "done": true
  },
  "minecraft:recipes/decorations/blue_candle": {
    "criteria": {
      "has_blue_dye": "2025-11-21 20:22:43 +0800"
    },
    "done": true
  },
  "minecraft:recipes/tools/blue_bundle": {
    "criteria": {
      "has_blue_dye": "2025-11-21 20:22:43 +0800"
    },
    "done": true
  },
  "minecraft:recipes/decorations/dye_blue_bed": {
    "criteria": {
      "has_needed_dye": "2025-11-21 20:22:43 +0800"
    },
    "done": true
  },
  "minecraft:recipes/combat/dye_blue_harness": {
    "criteria": {
      "has_needed_dye": "2025-11-21 20:22:43 +0800"
    },
    "done": true
  },
  "DataVersion": 4440
}