{"stats":{"minecraft:used":{"minecraft:stone_brick_wall":19,"minecraft:light_gray_glazed_terracotta":3,"minecraft:birch_slab":14,"minecraft:magenta_glazed_terracotta":153,"minecraft:birch_sign":3,"minecraft:birch_stairs":11,"minecraft:gray_glazed_terracotta":1,"minecraft:structure_block":13,"minecraft:black_concrete":132,"minecraft:birch_planks":86,"minecraft:slime_block":320,"minecraft:sticky_piston":198,"minecraft:orange_dye":2,"minecraft:command_block":12,"minecraft:fishing_rod":30,"minecraft:white_concrete":250,"minecraft:redstone_block":5,"minecraft:lodestone":215,"minecraft:chicken_spawn_egg":2,"minecraft:birch_fence":4,"minecraft:stone_button":15,"minecraft:oak_slab":2,"minecraft:bamboo_fence":12,"minecraft:debug_stick":150,"minecraft:glow_ink_sac":3,"minecraft:nether_brick_fence":2,"minecraft:iron_trapdoor":42,"minecraft:red_dye":1,"minecraft:bedrock":149,"minecraft:red_glazed_terracotta":10,"minecraft:armor_stand":1},"minecraft:custom":{"minecraft:time_since_rest":1030526,"minecraft:walk_one_cm":283333,"minecraft:leave_game":8,"minecraft:walk_under_water_one_cm":15516,"minecraft:mob_kills":2,"minecraft:play_time":1030526,"minecraft:damage_dealt":80,"minecraft:jump":1519,"minecraft:time_since_death":1030526,"minecraft:sprint_one_cm":334779,"minecraft:total_world_time":1065728,"minecraft:swim_one_cm":1354,"minecraft:fly_one_cm":1257874,"minecraft:walk_on_water_one_cm":3019,"minecraft:crouch_one_cm":21042,"minecraft:sneak_time":15283,"minecraft:fish_caught":17},"minecraft:picked_up":{"minecraft:tropical_fish":1,"minecraft:salmon":1,"minecraft:cod":10,"minecraft:pufferfish":5,"minecraft:lily_pad":2},"minecraft:killed":{"minecraft:chicken":2}},"DataVersion":4440}